rsID,position,variant,MAF
rs6265,27658369,"C>A,G,T",0.5
rs8192466,27658560,"G>A,C,T",0.5
rs66866077,27699390,"C>A,G,T",0.5
rs144235869,27658118,C>T,0.5
rs369607397,27674238,A>G,0.5
rs6265,27658369,"C>A,G,T",0.5
rs6265,27658369,"C>A,G,T",0.5
rs6265,27658369,"C>A,G,T",0.5
rs6265,27658369,"C>A,G,T",0.5
rs6265,27658369,"C>A,G,T",0.5
rs8192466,27658560,"G>A,C,T",0.5
rs66866077,27699390,"C>A,G,T",0.5
rs746371320,27674084,C>T,0.5
rs764711746,27658076,"C>G,T",0.5
rs1049779568,27658173,T>G,0.5
rs2353512,27658115,"C>A,T",0.0147059
rs2353512,27658115,"C>A,T",0.0147059
rs2353512,27658115,"C>A,T",0.0147059
rs78572035,27657926,C>T,0.0130719
rs141032455,27674165,"G>A,T",0.005
rs1048218,27658340,C>A,0.00469
rs1048218,27658340,C>A,0.00469
rs1048218,27658340,C>A,0.00469
rs753114863,27700994,"G>A,C,T",0.00467
rs148736382,27658244,"G>A,C",0.00463
rs776524056,27657935,A>G,0.003289
rs1318825445,27658113,G>C,0.0027
rs1590216799,27658179,T>G,0.0027
rs752297488,27674254,A>G,0.002
rs751074725,27700979,"A>C,G,T",0.00187
rs376008850,27658082,"G>A,T",0.00124
rs1590216744,27658169,A>C,0.0011
rs139352447,27658342,G>C,0.0010787
